id,latitude,longitude,county,county_fips,state_id,state_name,state_fips,api_request_status
SPE00120476,28.0475,-16.5606,,,,,,OK
AG000060611,28.05,9.6331,,,,,,OK
USC00085603,28.0547,-80.5511,Brevard,12009,FL,Florida,12,OK
USW00012876,28.0622,-81.7542,Polk,12105,FL,Florida,12,OK
EGM00062387,28.083,30.733,,,,,,OK
USW00012972,28.0836,-97.0464,Aransas,48007,TX,Texas,48,OK
IN002050100,28.1,95.383,,,,,,OK
USW00012838,28.1011,-80.6439,Brevard,12009,FL,Florida,12,OK
USC00419559,28.1136,-97.4178,San Patricio,48409,TX,Texas,48,OK
USC00085612,28.1136,-80.6539,Brevard,12009,FL,Florida,12,OK
USC00088824,28.1522,-82.7539,Pinellas,12103,FL,Florida,12,OK
CHM00057687,28.233,112.867,,,,,,OK
USR0000TARA,28.25,-96.75,Calhoun,48057,TX,Texas,48,OK
IN019100500,28.25,74.917,,,,,,OK
USC00084625,28.2764,-81.4239,Osceola,12097,FL,Florida,12,OK
PKM00041715,28.284,68.45,,,,,,OK
USW00023906,28.3044,-96.8231,Aransas,48007,TX,Texas,48,OK
SP000060010,28.3089,-16.4992,,,,,,OK
SAM00040373,28.335,46.125,,,,,,OK
USC00087851,28.3378,-82.26,Pasco,12101,FL,Florida,12,OK
SAM00040375,28.365,36.619,,,,,,OK
USR0000TGEO,28.3667,-98.1167,Live Oak,48297,TX,Texas,48,OK
IN023101700,28.367,79.4,,,,,,OK
JA000047909,28.383,129.5,,,,,,OK
USC00410436,28.3889,-96.8389,Refugio,48391,TX,Texas,48,OK
USW00012815,28.4339,-81.325,Orange,12095,FL,Florida,12,OK
SPE00120197,28.4444,-13.8631,,,,,,OK
CHM00056444,28.45,98.883,,,,,,OK
CHM00058666,28.45,121.883,,,,,,OK
USC00081641,28.4558,-81.7233,Lake,12069,FL,Florida,12,OK
USW00012947,28.4567,-99.2183,La Salle,48283,TX,Texas,48,OK
USC00410639,28.4575,-97.7061,Bee,48025,TX,Texas,48,OK
SPE00120458,28.4631,-16.2553,,,,,,OK
USC00411337,28.4658,-98.3539,McMullen,48311,TX,Texas,48,OK
USC00411720,28.4675,-98.2525,Live Oak,48297,TX,Texas,48,OK
USW00012818,28.4736,-82.4544,Hernando,12053,FL,Florida,12,OK
SPE00120467,28.4775,-16.3292,,,,,,OK
USC00411486,28.4894,-99.8733,Dimmit,48127,TX,Texas,48,OK
USC00086634,28.5083,-81.5467,Orange,12095,FL,Florida,12,OK
USW00012841,28.5453,-81.3331,Orange,12095,FL,Florida,12,OK
IN022023000,28.567,77.117,,,,,,OK
IN022021900,28.583,77.2,,,,,,OK
USC00412125,28.5978,-98.5547,McMullen,48311,TX,Texas,48,OK
CHM00058606,28.6,115.917,,,,,,OK
USW00092821,28.6158,-80.6928,Brevard,12009,FL,Florida,12,OK
USC00088942,28.6242,-80.8169,Brevard,12009,FL,Florida,12,OK
SPE00120449,28.6331,-17.755,,,,,,OK
MXM00076225,28.6333,-106.0833,,,,,,OK
USR0000FMER,28.6408,-80.7308,Brevard,12009,FL,Florida,12,OK
PKM00041718,28.65,70.683,,,,,,OK
USC00417140,28.6575,-96.5553,Calhoun,48057,TX,Texas,48,OK
USC00081163,28.6664,-82.0894,Sumter,12119,FL,Florida,12,OK
MXM00076243,28.7,-100.5167,,,,,,OK
USC00411880,28.7156,-97.1742,Goliad,48175,TX,Texas,48,OK
USW00012935,28.7247,-96.2536,Matagorda,48321,TX,Texas,48,OK
USC00088051,28.73,-80.8794,Brevard,12009,FL,Florida,12,OK
USW00012854,28.7797,-81.2436,Seminole,12117,FL,Florida,12,OK
USC00087228,28.7992,-81.5372,Lake,12069,FL,Florida,12,OK
CHM00056492,28.8,104.6,,,,,,OK
USC00084289,28.8028,-82.3128,Citrus,12017,FL,Florida,12,OK
USC00087982,28.8147,-81.2778,Seminole,12117,FL,Florida,12,OK
PKM00041710,28.817,62.75,,,,,,OK
USW00012819,28.8208,-81.8097,Lake,12069,FL,Florida,12,OK
CHM00057633,28.833,108.767,,,,,,OK
USC00419367,28.8439,-96.9214,Victoria,48469,TX,Texas,48,OK
USR0000TVIC,28.8461,-96.9217,Victoria,48469,TX,Texas,48,OK
USC00419361,28.8608,-97.0181,Victoria,48469,TX,Texas,48,OK
USW00012912,28.8614,-96.9303,Victoria,48469,TX,Texas,48,OK
USR0000TSAB,28.8647,-95.5678,Brazoria,48039,TX,Texas,48,OK
USC00085076,28.8728,-81.7844,Lake,12069,FL,Florida,12,OK
PK000041712,28.883,64.4,,,,,,OK
IRM00040858,28.945,50.835,,,,,,OK
MXM00076220,28.95,-107.817,,,,,,OK
MXM00076840,28.95,-107.8167,,,,,,OK
SP000060040,28.9517,-13.6003,,,,,,OK
USC00417111,28.9606,-98.4772,Atascosa,48013,TX,Texas,48,OK
CHM00058633,28.967,118.867,,,,,,OK
USC00410569,28.9797,-95.975,Matagorda,48321,TX,Texas,48,OK
USC00413340,28.9844,-95.3808,Brazoria,48039,TX,Texas,48,OK
CHM00056462,29.0,101.5,,,,,,OK
USC00082229,29.0097,-81.2981,Volusia,12127,FL,Florida,12,OK
USC00417215,29.0281,-98.5686,Atascosa,48013,TX,Texas,48,OK
LYM00062161,29.033,21.567,,,,,,OK
PKM00041696,29.033,66.583,,,,,,OK
USC00087261,29.0361,-80.9181,Volusia,12127,FL,Florida,12,OK
CHM00057662,29.05,111.683,,,,,,OK
USC00412266,29.0567,-96.2319,Wharton,48481,TX,Texas,48,OK
USC00412173,29.0892,-97.3433,DeWitt,48123,TX,Texas,48,OK
MXM00076160,29.096,-111.048,,,,,,OK
KUM00040570,29.1,46.683,,,,,,OK
USR0000FCEN,29.105,-81.63,Lake,12069,FL,Florida,12,OK
USW00012976,29.1097,-95.4619,Brazoria,48039,TX,Texas,48,OK
LY000062131,29.12,15.95,,,,,,OK
USC00411524,29.1333,-103.5144,Brewster,48043,TX,Texas,48,OK
USR0000TBRA,29.1417,-95.2917,Brazoria,48039,TX,Texas,48,OK
IN006031000,29.167,75.733,,,,,,OK
USW00012834,29.1828,-81.0483,Volusia,12127,FL,Florida,12,OK
USC00417624,29.1853,-102.9622,Brewster,48043,TX,Texas,48,OK
USC00082150,29.1967,-81.0083,Volusia,12127,FL,Florida,12,OK
USC00412786,29.2,-96.2653,Wharton,48481,TX,Texas,48,OK
KU000405820,29.222,47.966,,,,,,OK
AGM00060607,29.237,0.276,,,,,,OK
CHM00055578,29.25,88.883,,,,,,OK
USR0000TCHI,29.2667,-103.3,Brewster,48043,TX,Texas,48,OK
IRM00040845,29.267,50.267,,,,,,OK
USC00414950,29.2694,-103.7575,Brewster,48043,TX,Texas,48,OK
USC00411715,29.2703,-103.3003,Brewster,48043,TX,Texas,48,OK
USW00012923,29.2733,-94.8592,Galveston,48167,TX,Texas,48,OK
USC00419952,29.2739,-97.1556,DeWitt,48123,TX,Texas,48,OK
USC00416368,29.2828,-97.7675,Gonzales,48177,TX,Texas,48,OK
CHM00058527,29.3,117.2,,,,,,OK
USC00411671,29.3092,-97.4061,Gonzales,48177,TX,Texas,48,OK
USR0000TPAN,29.3167,-103.2,Brewster,48043,TX,Texas,48,OK
USC00411007,29.3167,-100.4144,Kinney,48271,TX,Texas,48,OK
KUM00040586,29.317,47.667,,,,,,OK
USC00416792,29.3272,-103.2061,Brewster,48043,TX,Texas,48,OK
USC00414254,29.3364,-99.1386,Medina,48325,TX,Texas,48,OK
USW00012970,29.3389,-98.4719,Bexar,48029,TX,Texas,48,OK
USW00022016,29.3483,-103.2092,Brewster,48043,TX,Texas,48,OK
USC00418924,29.3486,-103.595,Brewster,48043,TX,Texas,48,OK
USW00012962,29.36,-99.1742,Medina,48325,TX,Texas,48,OK
USR0000FLSU,29.3731,-83.0344,Levy,12075,FL,Florida,12,OK
USW00022010,29.3783,-100.9269,Val Verde,48465,TX,Texas,48,OK
USC00089120,29.4081,-82.8189,Levy,12075,FL,Florida,12,OK
USC00410764,29.4372,-103.9583,Presidio,48377,TX,Texas,48,OK
USC00414968,29.4589,-103.4994,Brewster,48043,TX,Texas,48,OK
USC00410225,29.4608,-101.0286,Val Verde,48465,TX,Texas,48,OK
USC00163433,29.4631,-90.3072,Lafourche,22057,LA,Louisiana,22,OK
IN023420800,29.467,79.65,,,,,,OK
USC00417947,29.4703,-98.4728,Bexar,48029,TX,Texas,48,OK
USC00413873,29.4706,-96.9397,Lavaca,48285,TX,Texas,48,OK
USC00414333,29.4717,-95.0833,Galveston,48167,TX,Texas,48,OK
USC00413622,29.4744,-97.4481,Gonzales,48177,TX,Texas,48,OK
IR000408560,29.476,60.907,,,,,,OK
USC00418996,29.4822,-95.6314,Fort Bend,48157,TX,Texas,48,OK
USW00012975,29.5189,-95.2417,Brazoria,48039,TX,Texas,48,OK
IR000040848,29.533,52.533,,,,,,OK
USW00012921,29.5442,-98.4839,Bexar,48029,TX,Texas,48,OK
IS000009972,29.55,34.95,,,,,,OK
USW00012968,29.5622,-91.5256,St. Mary,22101,LA,Louisiana,22,OK
CHM00057516,29.583,106.467,,,,,,OK
USC00411013,29.61,-100.4519,Kinney,48271,TX,Texas,48,OK
USC00412676,29.6211,-96.3661,Colorado,48089,TX,Texas,48,OK
USW00012977,29.6222,-95.6564,Fort Bend,48157,TX,Texas,48,OK
SAM00040362,29.626,43.491,,,,,,OK
USW00012833,29.6333,-83.1053,Dixie,12029,FL,Florida,12,OK
USC00082008,29.6333,-83.1053,Dixie,12029,FL,Florida,12,OK
USC00413183,29.6339,-97.0644,Fayette,48149,TX,Texas,48,OK
USW00012918,29.6381,-95.2819,Harris,48201,TX,Texas,48,OK
USC00416959,29.6603,-103.1736,Brewster,48043,TX,Texas,48,OK
USR0000TATT,29.6617,-96.2597,Colorado,48089,TX,Texas,48,OK
CHM00055591,29.667,91.133,,,,,,OK
USR0000TANA,29.6692,-94.4383,Chambers,48071,TX,Texas,48,OK
USC00415429,29.6756,-97.6578,Caldwell,48055,TX,Texas,48,OK
USC00166394,29.6833,-91.1761,St. Mary,22101,LA,Louisiana,22,OK
USW00012816,29.6919,-82.2756,Alachua,12001,FL,Florida,12,OK
USR0000TMCF,29.7,-94.1167,Jefferson,48245,TX,Texas,48,OK
USW00012971,29.7036,-98.0281,Guadalupe,48187,TX,Texas,48,OK
USC00416273,29.7047,-98.0289,Guadalupe,48187,TX,Texas,48,OK
AGM00060603,29.717,6.7,,,,,,OK
USC00167932,29.7286,-92.8181,Cameron,22023,LA,Louisiana,22,OK
USW00012832,29.7333,-85.0333,Franklin,12037,FL,Florida,12,OK
LYM00062176,29.75,24.533,,,,,,OK
USC00169013,29.7547,-90.7747,Lafourche,22057,LA,Louisiana,22,OK
KUM00040568,29.767,48.367,,,,,,OK
SA000040361,29.783,40.1,,,,,,OK
USC00165926,29.7853,-90.1158,Jefferson,22051,LA,Louisiana,22,OK
USC00165296,29.7856,-92.2047,Vermilion,22113,LA,Louisiana,22,OK
USC00410902,29.7986,-98.7353,Kendall,48259,TX,Texas,48,OK
USC00415048,29.8097,-101.5603,Val Verde,48465,TX,Texas,48,OK
USC00415742,29.81,-99.2497,Bandera,48019,TX,Texas,48,OK
USC00163313,29.8233,-91.5442,St. Mary,22101,LA,Louisiana,22,OK
USC00411429,29.8608,-98.1958,Comal,48091,TX,Texas,48,OK
PKM00041685,29.883,69.717,,,,,,OK
USC00417983,29.8833,-97.9494,Hays,48209,TX,Texas,48,OK
USR0000LSAB,29.8881,-93.4039,Cameron,22023,LA,Louisiana,22,OK
USC00163979,29.8894,-93.4019,Cameron,22023,LA,Louisiana,22,OK
USR0000TLGR,29.9075,-96.86,Fayette,48149,TX,Texas,48,OK
USC00410586,29.9142,-94.9908,Liberty,48291,TX,Texas,48,OK
USC00417232,29.9167,-99.7908,Real,48385,TX,Texas,48,OK
USW00012930,29.9167,-90.1303,Orleans,22071,LA,Louisiana,22,OK
IN019120700,29.917,73.917,,,,,,OK
USC00166130,29.9486,-89.9855,St. Bernard,22087,LA,Louisiana,22,OK
USW00012917,29.9506,-94.0206,Jefferson,48245,TX,Texas,48,OK
USC00164674,29.9592,-91.7108,Iberia,22045,LA,Louisiana,22,OK
USW00012960,29.98,-95.36,Harris,48201,TX,Texas,48,OK
USW00012916,29.9933,-90.2511,Jefferson,22051,LA,Louisiana,22,OK
CHM00056257,30.0,100.267,,,,,,OK
USC00418415,30.0092,-97.1644,Bastrop,48021,TX,Texas,48,OK
USR0000FSUM,30.0175,-84.9842,Liberty,12077,FL,Florida,12,OK
USC00165065,30.0206,-92.7681,Cameron,22023,LA,Louisiana,22,OK
USC00410655,30.0317,-96.2167,Austin,48015,TX,Texas,48,OK
CHM00058477,30.033,122.117,,,,,,OK
USW00053915,30.0375,-91.8839,Iberia,22045,LA,Louisiana,22,OK
USW00003032,30.0481,-102.2131,Terrell,48443,TX,Texas,48,OK
USW00053917,30.0494,-90.0289,Orleans,22071,LA,Louisiana,22,OK
USC00415196,30.0592,-94.795,Liberty,48291,TX,Texas,48,OK
USC00414375,30.0631,-99.505,Kerr,48265,TX,Texas,48,OK
USW00053910,30.0675,-95.5561,Harris,48201,TX,Texas,48,OK
USC00410613,30.0689,-94.2928,Jefferson,48245,TX,Texas,48,OK
USC00162534,30.0719,-91.0278,Assumption,22007,LA,Louisiana,22,OK
USC00414782,30.0739,-99.1094,Kerr,48265,TX,Texas,48,OK
USW00053960,30.0917,-91.8731,St. Martin,22099,LA,Louisiana,22,OK
USC00410832,30.095,-98.4142,Blanco,48031,TX,Texas,48,OK
USC00410611,30.0969,-94.0997,Jefferson,48245,TX,Texas,48,OK
USC00087025,30.0986,-83.5742,Taylor,12123,FL,Florida,12,OK
USR0000TDAY,30.105,-94.9314,Liberty,48291,TX,Texas,48,OK
USC00085539,30.1064,-83.1819,Suwannee,12121,FL,Florida,12,OK
USC00089566,30.1192,-85.2042,Gulf,12045,FL,Florida,12,OK
USW00003937,30.125,-93.2158,Calcasieu,22019,LA,Louisiana,22,OK
AGM00060602,30.133,-2.167,,,,,,OK
USR0000FSTM,30.1333,-84.1333,Wakulla,12129,FL,Florida,12,OK
LYM00062103,30.152,9.715,,,,,,OK
USC00411048,30.1592,-96.3972,Washington,48477,TX,Texas,48,OK
JOM00040310,30.167,35.783,,,,,,OK
USR0000FWIL,30.1694,-84.9344,Liberty,12077,FL,Florida,12,OK
USR0000TBAS,30.1742,-97.2564,Bastrop,48021,TX,Texas,48,OK
USW00013904,30.1831,-97.68,Travis,48453,TX,Texas,48,OK
USC00415579,30.1925,-103.2717,Brewster,48043,TX,Texas,48,OK
USC00161565,30.1981,-91.1256,Iberville,22047,LA,Louisiana,22,OK
USR0000FOLU,30.2,-82.4,Baker,12003,FL,Florida,12,OK
USC00164700,30.2003,-92.6642,Jefferson Davis,22053,LA,Louisiana,22,OK
PKM00041675,30.203,71.419,,,,,,OK
USW00013976,30.205,-91.9875,Lafayette,22055,LA,Louisiana,22,OK
USC00412585,30.2194,-97.9878,Hays,48209,TX,Texas,48,OK
USC00416680,30.2264,-93.7394,Orange,48361,TX,Texas,48,OK
USR0000FSAN,30.23,-84.68,Wakulla,12129,FL,Florida,12,OK
CHM00058457,30.233,120.167,,,,,,OK
USW00093837,30.2333,-81.6667,Duval,12031,FL,Florida,12,OK
USR0000TCON,30.2364,-95.4828,Montgomery,48339,TX,Texas,48,OK
USC00413329,30.2392,-98.9089,Gillespie,48171,TX,Texas,48,OK
USC00086842,30.2492,-85.6606,Bay,12005,FL,Florida,12,OK
IR000040841,30.25,56.967,,,,,,OK
USC00415435,30.2503,-94.1786,Hardin,48199,TX,Texas,48,OK
USC00012172,30.2506,-88.0775,Mobile,01097,AL,Alabama,01,OK
PKM00041660,30.251,66.938,,,,,,OK
USR0000ABNS,30.2528,-87.8125,Baldwin,01003,AL,Alabama,01,OK
USR0000TBIR,30.2625,-98.6289,Gillespie,48171,TX,Texas,48,OK
USC00168539,30.265,-89.7697,St. Tammany,22103,LA,Louisiana,22,OK
CHM00057447,30.283,109.467,,,,,,OK
USC00229426,30.2947,-89.3831,Hancock,28045,MS,Mississippi,28,OK
USC00414605,30.3,-98.4094,Blanco,48031,TX,Texas,48,OK
USC00413954,30.3086,-99.203,Gillespie,48171,TX,Texas,48,OK
USR0000TCLD,30.3106,-95.0867,Liberty,48291,TX,Texas,48,OK
USR0000LBBR,30.3167,-89.9333,St. Tammany,22103,LA,Louisiana,22,OK
IN023160900,30.317,78.033,,,,,,OK
USW00013958,30.3208,-97.7603,Travis,48453,TX,Texas,48,OK
USC00419491,30.3236,-96.1594,Washington,48477,TX,Texas,48,OK
USC00411956,30.3303,-95.4831,Montgomery,48339,TX,Texas,48,OK
IN018103100,30.333,76.467,,,,,,OK
USW00053860,30.3361,-81.5147,Duval,12031,FL,Florida,12,OK
USC00418446,30.3367,-96.5403,Burleson,48051,TX,Texas,48,OK
USC00166434,30.3392,-93.215,Calcasieu,22019,LA,Louisiana,22,OK
USW00053865,30.3433,-89.8222,St. Tammany,22103,LA,Louisiana,22,OK
USW00073805,30.3489,-85.7881,Bay,12005,FL,Florida,12,OK
USW00003855,30.35,-87.3167,Escambia,12033,FL,Florida,12,OK
USW00063890,30.3503,-81.8831,Duval,12031,FL,Florida,12,OK
USC00410040,30.3519,-101.2519,Crockett,48105,TX,Texas,48,OK
USW00053902,30.3567,-95.4139,Montgomery,48339,TX,Texas,48,OK
USC00412820,30.3642,-97.37,Bastrop,48021,TX,Texas,48,OK
USR0000FNAV,30.3664,-87.1375,Santa Rosa,12113,FL,Florida,12,OK
MXM00076122,30.367,-107.95,,,,,,OK
USC00410176,30.3703,-103.7808,Brewster,48043,TX,Texas,48,OK
IRM00040831,30.371,48.228,,,,,,OK
USC00410174,30.3764,-103.66,Brewster,48043,TX,Texas,48,OK
LYM00062120,30.383,13.583,,,,,,OK
IN006012800,30.383,76.767,,,,,,OK
JA000047836,30.383,130.667,,,,,,OK
USC00220792,30.3931,-89.0008,Harrison,28047,MS,Mississippi,28,OK
USC00088756,30.3961,-84.3556,Leon,12073,FL,Florida,12,OK
USW00093805,30.3975,-84.3289,Leon,12073,FL,Florida,12,OK
USW00053853,30.4,-86.4717,Okaloosa,12091,FL,Florida,12,OK
USW00003853,30.4,-81.4167,Duval,12031,FL,Florida,12,OK
IN023522100,30.4,78.483,,,,,,OK
USC00415193,30.4064,-97.0133,Lee,48287,TX,Texas,48,OK
USW00093874,30.4119,-89.0808,Harrison,28047,MS,Mississippi,28,OK
USC00410433,30.4144,-97.7664,Travis,48453,TX,Texas,48,OK
USC00163800,30.4183,-92.0442,St. Landry,22097,LA,Louisiana,22,OK
USC00416733,30.4267,-101.0367,Crockett,48105,TX,Texas,48,OK
USR0000TKIR,30.4333,-93.8833,Newton,48351,TX,Texas,48,OK
USC00085880,30.4406,-83.9858,Jefferson,12065,FL,Florida,12,OK
USC00414670,30.4453,-99.8045,Kimble,48267,TX,Texas,48,OK
USR0000THUN,30.45,-95.4,Montgomery,48339,TX,Texas,48,OK
USR0000MSAN,30.4528,-88.6617,Jackson,28059,MS,Mississippi,28,OK
USW00053858,30.4636,-88.5319,Jackson,28059,MS,Mississippi,28,OK
USW00013899,30.4781,-87.1869,Escambia,12033,FL,Florida,12,OK
USW00013889,30.4844,-81.7019,Duval,12031,FL,Florida,12,OK
USC00223668,30.4947,-89.1064,Harrison,28047,MS,Mississippi,28,OK
USW00053848,30.5069,-86.9597,Santa Rosa,12113,FL,Florida,12,OK
USW00013973,30.5108,-99.7664,Kimble,48267,TX,Texas,48,OK
USC00086240,30.5317,-86.4928,Okaloosa,12091,FL,Florida,12,OK
CHM00058424,30.533,117.05,,,,,,OK
USW00013970,30.5372,-91.1469,East Baton Rouge,22033,LA,Louisiana,22,OK
USR0000TSOU,30.5403,-94.3411,Tyler,48457,TX,Texas,48,OK
USC00012813,30.5467,-87.8808,Baldwin,01003,AL,Alabama,01,OK
USW00063869,30.5486,-87.8758,Baldwin,01003,AL,Alabama,01,OK
USC00087429,30.5497,-84.5836,Gadsden,12039,FL,Florida,12,OK
USC00016988,30.5653,-87.7017,Baldwin,01003,AL,Alabama,01,OK
USR0000TBEL,30.5661,-98.0389,Travis,48453,TX,Texas,48,OK
AG000060590,30.5667,2.8667,,,,,,OK
LYM00062018,30.567,15.717,,,,,,OK
USC00418862,30.5844,-97.4156,Williamson,48491,TX,Texas,48,OK
USC00419270,30.5864,-104.4997,Jeff Davis,48243,TX,Texas,48,OK
USR0000FBLO,30.5872,-84.9886,Calhoun,12013,FL,Florida,12,OK
USW00003904,30.5892,-96.3647,Brazos,48041,TX,Texas,48,OK
USC00413262,30.5997,-103.8869,Jeff Davis,48243,TX,Texas,48,OK
CHM00057494,30.6,114.05,,,,,,OK
USC00166938,30.6036,-92.7739,Allen,22003,LA,Louisiana,22,OK
USR0000MHCK,30.6153,-89.4133,Hancock,28045,MS,Mississippi,28,OK
USW00023907,30.6222,-98.0847,Burnet,48053,TX,Texas,48,OK
USC00227840,30.6264,-89.055,Harrison,28047,MS,Mississippi,28,OK
USW00013838,30.6264,-88.0681,Mobile,01097,AL,Alabama,01,OK
USC00413507,30.6764,-97.7208,Williamson,48491,TX,Texas,48,OK
USW00013894,30.6794,-88.2397,Mobile,01097,AL,Alabama,01,OK
CHM00057461,30.7,111.3,,,,,,OK
USW00053847,30.7044,-87.0231,Santa Rosa,12113,FL,Florida,12,OK
USC00416104,30.7053,-104.0233,Jeff Davis,48243,TX,Texas,48,OK
USC00414382,30.7064,-95.5422,Walker,48471,TX,Texas,48,OK
MXM00076113,30.7167,-111.8333,,,,,,OK
USW00093841,30.7167,-87.0167,Santa Rosa,12113,FL,Florida,12,OK
USC00413686,30.7189,-97.3211,Williamson,48491,TX,Texas,48,OK
USC00166686,30.7267,-91.3672,Pointe Coupee,22077,LA,Louisiana,22,OK
IN006011400,30.733,76.883,,,,,,OK
JA000047837,30.733,130.983,,,,,,OK
USC00085377,30.7342,-85.0306,Jackson,12063,FL,Florida,12,OK
USR0000TMAS,30.7358,-99.1861,Mason,48319,TX,Texas,48,OK
USW00003999,30.7406,-98.2353,Burnet,48053,TX,Texas,48,OK
USC00415272,30.7425,-98.6542,Llano,48299,TX,Texas,48,OK
USW00053903,30.7439,-95.5861,Walker,48471,TX,Texas,48,OK
USC00415650,30.7478,-99.2306,Mason,48319,TX,Texas,48,OK
USR0000TWOO,30.75,-94.4,Tyler,48457,TX,Texas,48,OK
CHM00056187,30.75,103.867,,,,,,OK
USC00411250,30.7586,-98.2339,Burnet,48053,TX,Texas,48,OK
USW00013884,30.7797,-86.5225,Okaloosa,12091,FL,Florida,12,OK
USC00081544,30.7806,-85.5503,Washington,12133,FL,Florida,12,OK
USW00093845,30.7825,-83.2767,Lowndes,13185,GA,Georgia,13,OK
USC00168138,30.7872,-91.3675,West Feliciana,22125,LA,Louisiana,22,OK
USC00419101,30.7931,-94.1819,Tyler,48457,TX,Texas,48,OK
CHM00057411,30.8,106.083,,,,,,OK
USW00063856,30.8078,-81.4597,Camden,13039,GA,Georgia,13,OK
USC00413257,30.8272,-100.1103,Menard,48327,TX,Texas,48,OK
USR0000GJON,30.8289,-82.36,Charlton,13049,GA,Georgia,13,OK
USW00003818,30.8356,-85.1839,Jackson,12063,FL,Florida,12,OK
USC00227128,30.8408,-89.5453,Pearl River,28109,MS,Mississippi,28,OK
USW00063871,30.8458,-85.6014,Holmes,12059,FL,Florida,12,OK
USR0000MBLC,30.8489,-89.0342,Stone,28131,MS,Mississippi,28,OK
IN018091100,30.867,75.933,,,,,,OK
USC00412809,30.8694,-100.5994,Schleicher,48413,TX,Texas,48,OK
USC00091463,30.8697,-84.2175,Grady,13131,GA,Georgia,13,OK
USC00229639,30.8714,-89.1214,Stone,28131,MS,Mississippi,28,OK
USC00010583,30.8839,-87.7853,Baldwin,01003,AL,Alabama,01,OK
USC00410482,30.8878,-102.3008,Pecos,48371,TX,Texas,48,OK
SAM00040357,30.907,41.138,,,,,,OK
USC00413280,30.9072,-102.9153,Pecos,48371,TX,Texas,48,OK
USW00023091,30.9119,-102.9167,Pecos,48371,TX,Texas,48,OK
USR0000GSTA,30.9172,-81.4294,Camden,13039,GA,Georgia,13,OK
MO000060265,30.93,-6.9,,,,,,OK
USC00415477,30.9392,-95.9203,Madison,48313,TX,Texas,48,OK
CHM00055472,30.95,88.633,,,,,,OK
USC00161287,30.9594,-92.1786,Avoyelles,22009,LA,Louisiana,22,OK
USC00410498,30.9844,-103.7403,Reeves,48389,TX,Texas,48,OK
USR0000TBAR,30.9856,-101.1578,Crockett,48105,TX,Texas,48,OK
USC00414770,31.0158,-104.1108,Jeff Davis,48243,TX,Texas,48,OK
USR0000LVER,31.0167,-93.1869,Vernon,22115,LA,Louisiana,22,OK
USC00092738,31.0286,-84.8911,Seminole,13253,GA,Georgia,13,OK
MXM00076055,31.033,-114.85,,,,,,OK
JOM00040296,31.033,35.467,,,,,,OK
USC00013251,31.0383,-85.8708,Geneva,01061,AL,Alabama,01,OK
USC00419295,31.0417,-104.8372,Culberson,48109,TX,Texas,48,OK
USW00063870,31.0425,-86.3117,Covington,01039,AL,Alabama,01,OK
USR0000TCOL,31.0522,-98.5003,San Saba,48411,TX,Texas,48,OK
USC00417936,31.0619,-94.1011,Jasper,48241,TX,Texas,48,OK
USR0000AOPE,31.0944,-86.5486,Covington,01039,AL,Alabama,01,OK
IN007101600,31.1,77.167,,,,,,OK
USR0000GCOO,31.1097,-83.4269,Cook,13075,GA,Georgia,13,OK
USR0000GWAY,31.11,-82.26,Ware,13299,GA,Georgia,13,OK
USC00415707,31.1331,-102.2217,Upton,48461,TX,Texas,48,OK
USC00011080,31.1414,-87.0486,Escambia,01053,AL,Alabama,01,OK
USC00165266,31.1417,-93.2397,Vernon,22115,LA,Louisiana,22,OK
USC00411017,31.1444,-99.3492,McCulloch,48307,TX,Texas,48,OK
USW00063899,31.145,-87.0517,Escambia,01053,AL,Alabama,01,OK
USW00053988,31.15,-92.9667,Vernon,22115,LA,Louisiana,22,OK
CHM00056137,31.15,97.167,,,,,,OK
USW00013878,31.1522,-81.3908,Glynn,13127,GA,Georgia,13,OK
USC00096087,31.1769,-83.7492,Colquitt,13071,GA,Georgia,13,OK
USC00010402,31.1819,-87.4389,Escambia,01053,AL,Alabama,01,OK
USW00093919,31.1828,-90.4708,Pike,28113,MS,Mississippi,28,OK
EGM00062318,31.184,29.949,,,,,,OK
USC00413266,31.1847,-105.7411,Hudspeth,48229,TX,Texas,48,OK
USR0000LEVA,31.185,-92.6314,Rapides,22079,LA,Louisiana,22,OK
USC00091500,31.1903,-84.2036,Mitchell,13205,GA,Georgia,13,OK
USW00063829,31.1922,-84.4464,Baker,13007,GA,Georgia,13,OK
USC00410779,31.2,-101.4625,Reagan,48383,TX,Texas,48,OK
LYE00147746,31.2,16.5797,,,,,,OK
USC00169074,31.2022,-93.5725,Sabine,22085,LA,Louisiana,22,OK
USR0000MMAR,31.2114,-89.9225,Marion,28091,MS,Mississippi,28,OK
USR0000GCML,31.2142,-84.2364,Mitchell,13205,GA,Georgia,13,OK
USC00412741,31.2208,-99.8494,Concho,48095,TX,Texas,48,OK
USC00220585,31.2353,-88.9186,Perry,28111,MS,Mississippi,28,OK
USW00093987,31.2361,-94.7544,Angelina,48005,TX,Texas,48,OK
USC00160103,31.2489,-92.4489,Rapides,22079,LA,Louisiana,22,OK
ISM00040190,31.25,34.633,,,,,,OK
USR0000GSTE,31.2569,-81.6106,Glynn,13127,GA,Georgia,13,OK
USC00411596,31.2581,-95.9744,Leon,48289,TX,Texas,48,OK
JA000047831,31.267,130.3,,,,,,OK
USR0000TSBS,31.2803,-93.8386,Sabine,48403,TX,Texas,48,OK
USW00013833,31.2819,-89.2531,Forrest,28035,MS,Mississippi,28,OK
USC00417994,31.2842,-98.7589,San Saba,48411,TX,Texas,48,OK
USC00012675,31.2975,-85.8997,Coffee,01031,AL,Alabama,01,OK
MXM00076061,31.3,-113.55,,,,,,OK
USC00412114,31.3072,-95.4508,Houston,48225,TX,Texas,48,OK
USW00053843,31.3089,-86.3939,Covington,01039,AL,Alabama,01,OK
USW00063828,31.3128,-84.4706,Baker,13007,GA,Georgia,13,OK
USR0000TLUF,31.3131,-94.8261,Angelina,48005,TX,Texas,48,OK
USC00160098,31.3206,-92.4611,Rapides,22079,LA,Louisiana,22,OK
USW00013839,31.3214,-85.4497,Dale,01045,AL,Alabama,01,OK
EG000062306,31.3331,27.2167,,,,,,OK
USC00290426,31.3347,-108.53,Hidalgo,35023,NM,New Mexico,35,OK
USW00093915,31.3347,-92.5586,Rapides,22079,LA,Louisiana,22,OK
IRM00040811,31.337,48.762,,,,,,OK
USC00022659,31.345,-109.5394,Cochise,04003,AZ,Arizona,04,OK
USC00022140,31.3456,-110.2542,Cochise,04003,AZ,Arizona,04,OK
PK000041620,31.35,69.467,,,,,,OK
USC00013761,31.3625,-85.3397,Henry,01067,AL,Alabama,01,OK
CHM00055279,31.367,90.017,,,,,,OK
USC00417944,31.3708,-100.4944,Tom Green,48451,TX,Texas,48,OK
USW00023034,31.3711,-100.4922,Tom Green,48451,TX,Texas,48,OK
USW00013935,31.3928,-92.2956,Rapides,22079,LA,Louisiana,22,OK
USC00161232,31.3944,-92.7164,Rapides,22079,LA,Louisiana,22,OK
USR0000TRAT,31.395,-95.1361,Houston,48225,TX,Texas,48,OK
MOM00060220,31.398,-9.682,,,,,,OK
USC00097808,31.3981,-81.2808,McIntosh,13191,GA,Georgia,13,OK
USW00003949,31.4,-93.2833,Sabine,22085,LA,Louisiana,22,OK
CHM00058314,31.4,116.333,,,,,,OK
CHM00058362,31.4,121.467,,,,,,OK
USC00419088,31.4028,-106.0581,El Paso,48141,TX,Texas,48,OK
USC00412082,31.4072,-102.3578,Crane,48103,TX,Texas,48,OK
USR0000MBUD,31.4106,-90.8467,Franklin,28037,MS,Mississippi,28,OK
SAM00040360,31.412,37.279,,,,,,OK
USC00413485,31.4144,-97.7019,Coryell,48099,TX,Texas,48,OK
USW00053820,31.4156,-87.0442,Conecuh,01035,AL,Alabama,01,OK
CHM00056116,31.417,95.6,,,,,,OK
USW00003196,31.4208,-110.8458,Santa Cruz,04023,AZ,Arizona,04,OK
USC00415861,31.4364,-100.8781,Irion,48235,TX,Texas,48,OK
USC00413614,31.4406,-98.5903,Mills,48333,TX,Texas,48,OK
USR0000ACAA,31.445,-110.28,Cochise,04003,AZ,Arizona,04,OK
USC00098703,31.4461,-83.4767,Tift,13277,GA,Georgia,13,OK
USC00020775,31.4475,-109.9289,Cochise,04003,AZ,Arizona,04,OK
USC00025924,31.4553,-110.9681,Santa Cruz,04023,AZ,Arizona,04,OK
USW00093026,31.4583,-109.6061,Cochise,04003,AZ,Arizona,04,OK
CHM00055299,31.483,92.067,,,,,,OK
USC00027619,31.4831,-111.5436,Pima,04019,AZ,Arizona,04,OK
USR0000LKIS,31.495,-93.1981,Natchitoches,22069,LA,Louisiana,22,OK
AFM00040990,31.5,65.85,,,,,,OK
USR0000LCAT,31.5022,-92.4617,Grant,22043,LA,Louisiana,22,OK
USR0000TCLM,31.5061,-99.6594,Coleman,48083,TX,Texas,48,OK
USC00416747,31.5064,-99.9305,Concho,48095,TX,Texas,48,OK
USC00417951,31.5192,-94.1186,San Augustine,48405,TX,Texas,48,OK
USR0000MWAU,31.5242,-88.8889,Wayne,28153,MS,Mississippi,28,OK
USC00014193,31.5253,-87.9278,Clarke,01025,AL,Alabama,01,OK
IRM00040827,31.533,60.033,,,,,,OK
USC00411974,31.5333,-101.2842,Reagan,48383,TX,Texas,48,OK
USC00090140,31.5339,-84.1489,Dougherty,13095,GA,Georgia,13,OK
USW00013869,31.5356,-84.1944,Dougherty,13095,GA,Georgia,13,OK
USW00013870,31.5358,-82.5067,Bacon,13005,GA,Georgia,13,OK
USC00027880,31.5369,-110.2808,Cochise,04003,AZ,Arizona,04,OK
USC00026282,31.5392,-110.7603,Santa Cruz,04023,AZ,Arizona,04,OK
PK000041640,31.55,74.333,,,,,,OK
JA000047827,31.55,130.55,,,,,,OK
USC00411934,31.5517,-99.7083,Concho,48095,TX,Texas,48,OK
EGM00062305,31.567,25.133,,,,,,OK
USC00028865,31.5678,-111.0497,Santa Cruz,04023,AZ,Arizona,04,OK
JA000047835,31.583,131.4,,,,,,OK
USW00053132,31.5908,-110.5086,Santa Cruz,04023,AZ,Arizona,04,OK
USC00419417,31.6003,-97.2169,McLennan,48309,TX,Texas,48,OK
USC00025418,31.6017,-109.6686,Cochise,04003,AZ,Arizona,04,OK
MOM00060230,31.607,-8.036,,,,,,OK
USW00053146,31.6072,-110.4281,Cochise,04003,AZ,Arizona,04,OK
USC00416177,31.6164,-94.6431,Nacogdoches,48347,TX,Texas,48,OK
CHM00056146,31.617,100.0,,,,,,OK
USW00013959,31.6189,-97.2283,McLennan,48309,TX,Texas,48,OK
USW00003047,31.6219,-102.8072,Ward,48475,TX,Texas,48,OK
AGM00060571,31.646,-2.27,,,,,,OK
USC00419499,31.6725,-100.7283,Tom Green,48451,TX,Texas,48,OK
USC00412084,31.6728,-102.4133,Ector,48135,TX,Texas,48,OK
AGM00060581,31.673,6.14,,,,,,OK
USR0000AHPK,31.6753,-110.88,Santa Cruz,04023,AZ,Arizona,04,OK
USC00229439,31.6772,-88.6708,Wayne,28153,MS,Mississippi,28,OK
USC00164696,31.6783,-92.1289,LaSalle,22059,LA,Louisiana,22,OK
USC00027990,31.6811,-110.6553,Santa Cruz,04023,AZ,Arizona,04,OK
USR0000ASAS,31.6908,-111.45,Pima,04019,AZ,Arizona,04,OK
SAM00040356,31.693,38.731,,,,,,OK
INM00042071,31.71,74.797,,,,,,OK
USC00028619,31.7119,-110.0686,Cochise,04003,AZ,Arizona,04,OK
USR0000GBAX,31.7136,-82.3878,Appling,13001,GA,Georgia,13,OK
JA000047838,31.717,130.032,,,,,,OK
LYM00062014,31.733,14.017,,,,,,OK
JA000047829,31.733,131.083,,,,,,OK
USC00411138,31.7383,-98.9456,Brown,48049,TX,Texas,48,OK
USC00410493,31.7414,-99.9764,Runnels,48399,TX,Texas,48,OK
USR0000TPAL,31.7425,-95.5717,Anderson,48001,TX,Texas,48,OK
USR0000ARUC,31.7611,-109.3486,Cochise,04003,AZ,Arizona,04,OK
USW00053968,31.7797,-95.7233,Anderson,48001,TX,Texas,48,OK
USW00023040,31.78,-103.2017,Winkler,48495,TX,Texas,48,OK
USR0000AEMP,31.7806,-110.6347,Pima,04019,AZ,Arizona,04,OK
USW00093914,31.7831,-95.6039,Anderson,48001,TX,Texas,48,OK
USR0000GMID,31.7842,-81.4386,Liberty,13179,GA,Georgia,13,OK
USC00013519,31.79,-86.6086,Butler,01013,AL,Alabama,01,OK
USW00023801,31.79,-86.0003,Pike,01109,AL,Alabama,01,OK
USC00018323,31.8075,-85.9722,Pike,01109,AL,Alabama,01,OK
USC00417841,31.8092,-95.1428,Cherokee,48073,TX,Texas,48,OK
USW00023044,31.8111,-106.3758,El Paso,48141,TX,Texas,48,OK
USC00166584,31.8142,-93.0856,Natchitoches,22069,LA,Louisiana,22,OK
USC00411875,31.8278,-99.4319,Coleman,48083,TX,Texas,48,OK
USW00023055,31.8311,-104.8089,Culberson,48109,TX,Texas,48,OK
USC00024534,31.8353,-110.3553,Cochise,04003,AZ,Arizona,04,OK
USC00414775,31.8408,-103.0889,Winkler,48495,TX,Texas,48,OK
USC00092361,31.8453,-83.9408,Worth,13321,GA,Georgia,13,OK
USC00414278,31.8456,-99.5606,Coleman,48083,TX,Texas,48,OK
USW00063874,31.8456,-86.6108,Butler,01013,AL,Alabama,01,OK
USW00003878,31.8606,-86.0122,Pike,01109,AL,Alabama,01,OK
USC00419715,31.8611,-97.375,Bosque,48035,TX,Texas,48,OK
CHM00058321,31.867,117.233,,,,,,OK
USC00093538,31.8694,-81.6236,Liberty,13179,GA,Georgia,13,OK
LYE00147740,31.87,10.98,,,,,,OK
USC00011725,31.8708,-85.45,Barbour,01005,AL,Alabama,01,OK
USC00298127,31.8728,-106.6981,Dona Ana,35013,NM,New Mexico,35,OK
USC00416502,31.8797,-102.3592,Ector,48135,TX,Texas,48,OK
USC00020683,31.8806,-110.2403,Cochise,04003,AZ,Arizona,04,OK
USW00023802,31.8814,-87.7367,Clarke,01025,AL,Alabama,01,OK
CHM00056106,31.883,93.783,,,,,,OK
USC00026716,31.8833,-109.2056,Cochise,04003,AZ,Arizona,04,OK
USC00023668,31.8931,-110.9978,Pima,04019,AZ,Arizona,04,OK
USR0000TPIN,31.8944,-104.7978,Culberson,48109,TX,Texas,48,OK
USR0000LGUM,31.9,-92.7672,Winn,22127,LA,Louisiana,22,OK
CHM00056172,31.9,102.233,,,,,,OK
IRM00040821,31.905,54.277,,,,,,OK
PKM00041624,31.909,70.897,,,,,,OK
USR0000ASES,31.91,-111.8975,Pima,04019,AZ,Arizona,04,OK
USW00073802,31.9156,-86.3114,Crenshaw,01041,AL,Alabama,01,OK
AGM00060580,31.917,5.413,,,,,,OK
USC00293775,31.9194,-108.3442,Grant,35017,NM,New Mexico,35,OK
USW00003031,31.9206,-102.3867,Ector,48135,TX,Texas,48,OK
USR0000TGUA,31.925,-104.8253,Culberson,48109,TX,Texas,48,OK
CHM00058238,31.933,118.9,,,,,,OK
JA000047830,31.933,131.417,,,,,,OK
USC00026242,31.9353,-109.2186,Cochise,04003,AZ,Arizona,04,OK
USC00026353,31.9356,-109.8378,Cochise,04003,AZ,Arizona,04,OK
USC00290417,31.9381,-108.7689,Hidalgo,35023,NM,New Mexico,35,OK
USW00023023,31.9433,-102.1889,Midland,48329,TX,Texas,48,OK
USC00013818,31.9478,-86.3131,Crenshaw,01041,AL,Alabama,01,OK
USR0000MCOP,31.9497,-90.3806,Copiah,28029,MS,Mississippi,28,OK
USW00063872,31.9514,-85.1289,Barbour,01005,AL,Alabama,01,OK
USC00026132,31.9556,-112.8003,Pima,04019,AZ,Arizona,04,OK
USC00024675,31.9603,-111.5978,Pima,04019,AZ,Arizona,04,OK
USC00416210,31.9611,-96.6881,Navarro,48349,TX,Texas,48,OK
USC00414525,31.9622,-95.2736,Cherokee,48073,TX,Texas,48,OK
USC00020287,31.9792,-111.3836,Pima,04019,AZ,Arizona,04,OK
USC00092266,31.985,-83.7747,Crisp,13081,GA,Georgia,13,OK
USC00093754,31.9881,-81.9522,Tattnall,13267,GA,Georgia,13,OK
USR0000ACHR,32.0,-109.35,Cochise,04003,AZ,Arizona,04,OK
USR0000TMID,32.0,-102.0,Midland,48329,TX,Texas,48,OK
ISE00105694,32.0,34.7994,,,,,,OK
USR0000GPLA,32.0097,-84.33,Sumter,13261,GA,Georgia,13,OK
USR0000GMCR,32.0097,-82.9,Telfair,13271,GA,Georgia,13,OK
ISM00040180,32.011,34.887,,,,,,OK
USC00012730,32.0111,-85.09,Barbour,01005,AL,Alabama,01,OK
USC00414182,32.0161,-97.1094,Hill,48217,TX,Texas,48,OK
USC00415891,32.0186,-102.0258,Midland,48329,TX,Texas,48,OK
USW00053912,32.0311,-96.3989,Navarro,48349,TX,Texas,48,OK
JA000047823,32.033,130.199,,,,,,OK
USC00015397,32.0347,-85.4739,Bullock,01011,AL,Alabama,01,OK
USW00003072,32.0408,-100.2494,Coke,48081,TX,Texas,48,OK
USC00416495,32.0419,-100.2775,Coke,48081,TX,Texas,48,OK
USC00419847,32.0444,-100.1078,Runnels,48399,TX,Texas,48,OK
USC00097087,32.0467,-84.3711,Sumter,13261,GA,Georgia,13,OK
CHM00057237,32.067,108.033,,,,,,OK
LYE00147747,32.08,20.27,,,,,,OK
LYM00062008,32.083,12.55,,,,,,OK
USR0000SSAV,32.1,-81.0833,Chatham,13051,GA,Georgia,13,OK
LYM00062062,32.1,23.933,,,,,,OK
USC00294346,32.1103,-103.1872,Lea,35025,NM,New Mexico,35,OK
USC00412019,32.1225,-96.4867,Navarro,48349,TX,Texas,48,OK
USW00003822,32.13,-81.21,Chatham,13051,GA,Georgia,13,OK
USW00023160,32.1314,-110.9553,Pima,04019,AZ,Arizona,04,OK
CHM00057297,32.133,114.05,,,,,,OK
USR0000THEN,32.15,-94.8,Rusk,48401,TX,Texas,48,OK
JOM00040260,32.161,37.149,,,,,,OK
USC00411500,32.1614,-94.3397,Panola,48365,TX,Texas,48,OK
USC00410404,32.1633,-95.83,Henderson,48213,TX,Texas,48,OK
USC00161979,32.1672,-92.1078,Caldwell,22021,LA,Louisiana,22,OK
IZ000040665,32.17,46.05,,,,,,OK
USC00291480,32.1783,-104.4433,Eddy,35015,NM,New Mexico,35,OK
USC00027398,32.1794,-110.7364,Pima,04019,AZ,Arizona,04,OK
USC00414081,32.1808,-94.7964,Rusk,48401,TX,Texas,48,OK
USC00092966,32.2003,-83.2058,Dodge,13091,GA,Georgia,13,OK
USR0000GBYR,32.2033,-83.9319,Dooly,13093,GA,Georgia,13,OK
USR0000ARIN,32.2056,-110.5481,Pima,04019,AZ,Arizona,04,OK
JA000047824,32.217,130.75,,,,,,OK
USR0000TATH,32.2211,-95.7661,Henderson,48213,TX,Texas,48,OK
USC00013931,32.2306,-86.3472,Montgomery,01101,AL,Alabama,01,OK
USW00003969,32.2314,-98.2319,Erath,48143,TX,Texas,48,OK
USW00053131,32.2394,-111.1697,Pima,04019,AZ,Arizona,04,OK
USW00023041,32.2442,-101.4536,Howard,48227,TX,Texas,48,OK
USC00028795,32.2542,-111.1961,Pima,04019,AZ,Arizona,04,OK
USC00029334,32.2553,-109.8369,Cochise,04003,AZ,Arizona,04,OK
USC00015553,32.26,-86.2181,Montgomery,01101,AL,Alabama,01,OK
USC00021330,32.2617,-110.3481,Cochise,04003,AZ,Arizona,04,OK
USC00417388,32.2619,-97.7064,Somervell,48425,TX,Texas,48,OK
USW00023078,32.2622,-107.7206,Luna,35029,NM,New Mexico,35,OK
USC00410518,32.2631,-96.6369,Ellis,48139,TX,Texas,48,OK
USC00298535,32.2822,-106.7597,Dona Ana,35013,NM,New Mexico,35,OK
USC00094170,32.2842,-83.4681,Pulaski,13235,GA,Georgia,13,OK
USC00027560,32.2933,-109.2269,Cochise,04003,AZ,Arizona,04,OK
IRM00040798,32.297,50.842,,,,,,OK
USW00013895,32.2997,-86.4075,Montgomery,01101,AL,Alabama,01,OK
USC00419207,32.3067,-95.2969,Smith,48423,TX,Texas,48,OK
USC00411800,32.3139,-97.4061,Johnson,48251,TX,Texas,48,OK
USR0000ASAG,32.3167,-110.8133,Pima,04019,AZ,Arizona,04,OK
USC00415852,32.3197,-100.1222,Taylor,48441,TX,Texas,48,OK
USW00003940,32.3206,-90.0778,Rankin,28121,MS,Mississippi,28,OK
USW00093033,32.3336,-104.2581,Eddy,35015,NM,New Mexico,35,OK
USW00013865,32.3347,-88.7442,Lauderdale,28075,MS,Mississippi,28,OK
USW00063897,32.335,-86.9786,Dallas,01047,AL,Alabama,01,OK
USW00013927,32.3367,-90.2214,Hinds,28049,MS,Mississippi,28,OK
USW00063831,32.3378,-89.0703,Newton,28101,MS,Mississippi,28,OK
USC00028590,32.3392,-110.9808,Pima,04019,AZ,Arizona,04,OK
USC00291469,32.3478,-104.2225,Eddy,35015,NM,New Mexico,35,OK
USW00003951,32.35,-94.65,Rusk,48401,TX,Texas,48,OK
USW00003996,32.35,-91.0278,Madison,22065,LA,Louisiana,22,OK
USW00013829,32.35,-85.0,Russell,01113,AL,Alabama,01,OK
USW00013972,32.3542,-95.4025,Smith,48423,TX,Texas,48,OK
USR0000MBIE,32.355,-89.4692,Scott,28123,MS,Mississippi,28,OK
JOM00040265,32.356,36.259,,,,,,OK
USC00417327,32.3664,-99.1925,Callahan,48059,TX,Texas,48,OK
BDM00078016,32.3667,-64.6833,,,,,,OK
USC00020080,32.3697,-112.86,Pima,04019,AZ,Arizona,04,OK
USC00160800,32.3744,-92.9433,Bienville,22013,LA,Louisiana,22,OK
USC00091266,32.3767,-81.6739,Bulloch,13031,GA,Georgia,13,OK
USC00299569,32.3778,-103.7986,Eddy,35015,NM,New Mexico,35,OK
CHM00057265,32.383,111.667,,,,,,OK
AGM00060566,32.384,3.794,,,,,,OK
USW00003901,32.3847,-94.7117,Gregg,48183,TX,Texas,48,OK
USC00025737,32.3858,-110.6981,Pima,04019,AZ,Arizona,04,OK
USR0000GMET,32.3911,-82.0372,Candler,13043,GA,Georgia,13,OK
USC00168444,32.3919,-93.7803,Caddo,22017,LA,Louisiana,22,OK
MXM00076040,32.4,-115.1833,,,,,,OK
USR0000AMUL,32.4,-110.2708,Cochise,04003,AZ,Arizona,04,OK
USR0000ASOL,32.4033,-110.7117,Pima,04019,AZ,Arizona,04,OK
LYE00147745,32.4097,15.05,,,,,,OK
USW00013962,32.4106,-99.6822,Taylor,48441,TX,Texas,48,OK
USC00017366,32.4111,-87.0144,Dallas,01047,AL,Alabama,01,OK
USC00021357,32.4178,-110.9303,Pima,04019,AZ,Arizona,04,OK
USC00167738,32.4219,-93.6381,Bossier,22015,LA,Louisiana,22,OK
USC00410013,32.4317,-99.6325,Taylor,48441,TX,Texas,48,OK
USC00413877,32.4478,-94.5956,Harrison,48203,TX,Texas,48,OK
USC00417743,32.4481,-100.5264,Nolan,48353,TX,Texas,48,OK
USC00025732,32.4486,-110.7544,Pima,04019,AZ,Arizona,04,OK
USW00013957,32.4506,-93.8411,Caddo,22017,LA,Louisiana,22,OK
USC00168448,32.4514,-93.8417,Caddo,22017,LA,Louisiana,22,OK
USW00063858,32.4567,-87.2422,Dallas,01047,AL,Alabama,01,OK
USC00015121,32.4714,-87.2314,Dallas,01047,AL,Alabama,01,OK
USC00415341,32.4725,-94.7172,Gregg,48183,TX,Texas,48,OK
USW00093831,32.4833,-80.7167,Beaufort,45013,SC,South Carolina,45,OK
USC00415618,32.4892,-94.3289,Harrison,48203,TX,Texas,48,OK
USR0000THMB,32.5,-99.6167,Callahan,48059,TX,Texas,48,OK
PKM00041600,32.5,74.533,,,,,,OK
CHM00055228,32.5,80.083,,,,,,OK
USC00411246,32.5067,-97.3444,Johnson,48251,TX,Texas,48,OK
USC00168067,32.51,-92.6503,Lincoln,22061,LA,Louisiana,22,OK
USW00013942,32.5156,-92.0406,Ouachita,22073,LA,Louisiana,22,OK
USC00291153,32.5158,-104.3828,Eddy,35015,NM,New Mexico,35,OK
USW00093842,32.5161,-84.9422,Muscogee,13215,GA,Georgia,13,OK
USC00092159,32.5181,-84.9378,Muscogee,13215,GA,Georgia,13,OK
USC00415344,32.5183,-94.7189,Gregg,48183,TX,Texas,48,OK
USC00012245,32.5192,-87.88,Marengo,01091,AL,Alabama,01,OK
USC00413675,32.5217,-97.8069,Hood,48221,TX,Texas,48,OK
USC00413133,32.5339,-96.6608,Ellis,48139,TX,Texas,48,OK
JOM00040250,32.539,38.195,,,,,,OK
USW00053905,32.5428,-93.745,Bossier,22015,LA,Louisiana,22,OK
USW00003866,32.55,-88.5667,Lauderdale,28075,MS,Mississippi,28,OK
USC00092844,32.5575,-82.9,Laurens,13175,GA,Georgia,13,OK
USC00299691,32.5617,-108.3611,Grant,35017,NM,New Mexico,35,OK
USW00003178,32.5722,-116.9794,San Diego,06073,CA,California,06,OK
JA000047822,32.583,131.65,,,,,,OK
USC00010425,32.5992,-85.4653,Lee,01081,AL,Alabama,01,OK
USC00027530,32.6014,-110.6292,Pinal,04021,AZ,Arizona,04,OK
USC00166244,32.6053,-93.2947,Webster,22119,LA,Louisiana,22,OK
USR0000CPOT,32.6058,-116.6089,San Diego,06073,CA,California,06,OK
USC00382735,32.6072,-80.3258,Charleston,45019,SC,South Carolina,45,OK
USC00096148,32.6089,-85.0756,Harris,13145,GA,Georgia,13,OK
USC00099124,32.6094,-83.6164,Houston,13153,GA,Georgia,13,OK
USC00026117,32.61,-110.7317,Pinal,04021,AZ,Arizona,04,OK
USW00003074,32.6136,-106.7414,Dona Ana,35013,NM,New Mexico,35,OK
USC00294426,32.6161,-106.7403,Dona Ana,35013,NM,New Mexico,35,OK
USW00003164,32.6261,-116.4681,San Diego,06073,CA,California,06,OK
USC00041424,32.6264,-116.47,San Diego,06073,CA,California,06,OK
PO000008522,32.63,-16.8997,,,,,,OK
USC00097528,32.6319,-81.7722,Screven,13251,GA,Georgia,13,OK
LYM00062012,32.633,14.3,,,,,,OK
USC00415954,32.635,-95.4822,Wood,48499,TX,Texas,48,OK
USC00041758,32.64,-117.0858,San Diego,06073,CA,California,06,OK
USC00414597,32.6406,-96.9747,Dallas,48113,TX,Texas,48,OK
USC00026513,32.6464,-111.4017,Pinal,04021,AZ,Arizona,04,OK
USC00410691,32.6475,-97.4439,Tarrant,48439,TX,Texas,48,OK
USW00003145,32.65,-114.6167,Yuma,04027,AZ,Arizona,04,OK
CHM00056182,32.65,103.567,,,,,,OK
USR0000TCAD,32.6583,-94.1164,Harrison,48203,TX,Texas,48,OK
USC00016129,32.6592,-85.4492,Lee,01081,AL,Alabama,01,OK
USW00053907,32.6636,-97.0939,Tarrant,48439,TX,Texas,48,OK
IN008040500,32.667,74.833,,,,,,OK
USR0000ANOO,32.6678,-109.7881,Graham,04009,AZ,Arizona,04,OK
MO000060195,32.68,-4.73,,,,,,OK
USW00003971,32.6808,-96.8681,Dallas,48113,TX,Texas,48,OK
POM00008521,32.683,-16.767,,,,,,OK
USW00003813,32.6847,-83.6528,Bibb,13021,GA,Georgia,13,OK
USR0000CSMI,32.685,-116.9736,San Diego,06073,CA,California,06,OK
USC00098535,32.6864,-84.5208,Talbot,13263,GA,Georgia,13,OK
USC00013511,32.6922,-87.5761,Hale,01065,AL,Alabama,01,OK
USC00160718,32.6997,-93.6619,Bossier,22015,LA,Louisiana,22,OK
USW00093112,32.7,-117.2,San Diego,06073,CA,California,06,OK
JA000047843,32.7,128.833,,,,,,OK
USR0000TGIL,32.7017,-94.9447,Upshur,48459,TX,Texas,48,OK
USC00419800,32.7019,-96.015,Van Zandt,48467,TX,Texas,48,OK
USC00389469,32.7019,-80.8517,Hampton,45049,SC,South Carolina,45,OK
USR0000ACOL,32.7039,-109.9139,Graham,04009,AZ,Arizona,04,OK
USC00297340,32.7047,-108.7281,Grant,35017,NM,New Mexico,35,OK
USC00410120,32.7047,-99.3011,Shackelford,48417,TX,Texas,48,OK
USC00166364,32.7053,-93.9603,Caddo,22017,LA,Louisiana,22,OK
USC00412446,32.7056,-94.7889,Upshur,48459,TX,Texas,48,OK
USC00418433,32.71,-100.9111,Scurry,48415,TX,Texas,48,OK
USW00053911,32.71,-96.2672,Kaufman,48257,TX,Texas,48,OK
USC00094862,32.7128,-82.5414,Johnson,13167,GA,Georgia,13,OK
USC00418201,32.7131,-102.6597,Gaines,48165,TX,Texas,48,OK
USW00063893,32.7169,-87.6225,Hale,01065,AL,Alabama,01,OK
JA000047898,32.717,133.017,,,,,,OK
USR0000CCAM,32.7214,-116.4631,San Diego,06073,CA,California,06,OK
USC00028396,32.7225,-113.9192,Yuma,04027,AZ,Arizona,04,OK
USC00294026,32.7264,-103.1314,Lea,35025,NM,New Mexico,35,OK
USC00029656,32.7275,-114.6217,Yuma,04027,AZ,Arizona,04,OK
JA000047817,32.732,129.866,,,,,,OK
USW00023188,32.7336,-117.1831,San Diego,06073,CA,California,06,OK
USR0000CBUU,32.7397,-114.8839,Imperial,06025,CA,California,06,OK
USC00022754,32.7481,-109.1214,Greenlee,04011,AZ,Arizona,04,OK
USC00419532,32.7483,-97.77,Parker,48367,TX,Texas,48,OK
USC00411042,32.75,-98.9017,Stephens,48429,TX,Texas,48,OK
IRM00040800,32.751,51.862,,,,,,OK
USC00290600,32.7547,-104.3836,Eddy,35015,NM,New Mexico,35,OK
USC00410337,32.7572,-97.0736,Tarrant,48439,TX,Texas,48,OK
LYE00147751,32.76,22.66,,,,,,OK
USC00388405,32.7617,-79.8572,Charleston,45019,SC,South Carolina,45,OK
USC00047741,32.7653,-117.2314,San Diego,06073,CA,California,06,OK
USC00410268,32.7667,-99.89,Jones,48253,TX,Texas,48,OK
USW00013911,32.7667,-97.45,Tarrant,48439,TX,Texas,48,OK
USC00042713,32.7669,-115.5617,Imperial,06025,CA,California,06,OK
AGM00060560,32.767,-0.6,,,,,,OK
USC00414577,32.7692,-94.3592,Marion,48315,TX,Texas,48,OK
USC00413411,32.7744,-101.4539,Borden,48033,TX,Texas,48,OK
USR0000GMCI,32.7797,-83.25,Wilkinson,13319,GA,Georgia,13,OK
USW00013782,32.78,-79.9319,Charleston,45019,SC,South Carolina,45,OK
USW00093985,32.7817,-98.0603,Parker,48367,TX,Texas,48,OK
USC00299686,32.7822,-106.1758,Otero,35035,NM,New Mexico,35,OK
USC00042706,32.8006,-116.9281,San Diego,06073,CA,California,06,OK
USR0000LCAN,32.8042,-93.0667,Claiborne,22027,LA,Louisiana,22,OK
USC00294112,32.8094,-104.7378,Eddy,35015,NM,New Mexico,35,OK
USC00164355,32.81,-93.0625,Claiborne,22027,LA,Louisiana,22,OK
USR0000MDRD,32.81,-90.0,Madison,28089,MS,Mississippi,28,OK
USC00027187,32.8117,-111.6314,Pinal,04021,AZ,Arizona,04,OK
USC00027390,32.815,-109.6808,Graham,04009,AZ,Arizona,04,OK
USW00003131,32.8158,-117.1394,San Diego,06073,CA,California,06,OK
USC00011694,32.8161,-86.6042,Chilton,01021,AL,Alabama,01,OK
USW00023199,32.8167,-115.6833,Imperial,06025,CA,California,06,OK
USW00093904,32.8167,-97.35,Tarrant,48439,TX,Texas,48,OK
JA000047819,32.817,130.699,,,,,,OK
USW00013961,32.8192,-97.3614,Tarrant,48439,TX,Texas,48,OK
USC00414976,32.8242,-95.5275,Wood,48499,TX,Texas,48,OK
USR0000CALP,32.8336,-116.7392,San Diego,06073,CA,California,06,OK
USC00291910,32.8339,-108.5047,Grant,35017,NM,New Mexico,35,OK
USW00003144,32.8342,-115.5786,Imperial,06025,CA,California,06,OK
USC00413285,32.8342,-97.2981,Tarrant,48439,TX,Texas,48,OK
USC00013160,32.8347,-88.1342,Greene,01063,AL,Alabama,01,OK
USW00053154,32.835,-114.1883,Yuma,04027,AZ,Arizona,04,OK
USW00003125,32.8356,-114.3942,Yuma,04027,AZ,Arizona,04,OK
USC00040136,32.8358,-116.7775,San Diego,06073,CA,California,06,OK
USW00063892,32.8369,-88.1375,Greene,01063,AL,Alabama,01,OK
USC00413289,32.8472,-97.4761,Tarrant,48439,TX,Texas,48,OK
USC00044223,32.8489,-115.5667,Imperial,06025,CA,California,06,OK
USR0000TPOS,32.85,-98.55,Palo Pinto,48363,TX,Texas,48,OK
CHM00058251,32.85,120.283,,,,,,OK
USW00063891,32.8517,-86.6114,Chilton,01021,AL,Alabama,01,OK
USW00013960,32.8519,-96.8556,Dallas,48113,TX,Texas,48,OK
USC00414980,32.8522,-95.8864,Rains,48379,TX,Texas,48,OK
USW00093084,32.8547,-109.6353,Graham,04009,AZ,Arizona,04,OK
USC00417782,32.8556,-100.4611,Fisher,48151,TX,Texas,48,OK
USR0000CDES,32.8569,-116.6222,San Diego,06073,CA,California,06,OK
USW00093107,32.8667,-117.1333,San Diego,06073,CA,California,06,OK
USC00045968,32.8672,-116.4194,San Diego,06073,CA,California,06,OK
USC00095863,32.8753,-82.2156,Burke,13033,GA,Georgia,13,OK
USR0000CLAG,32.8797,-116.4203,San Diego,06073,CA,California,06,OK
LYE00147741,32.88,12.08,,,,,,OK
USR0000AGUT,32.8819,-109.3092,Greenlee,04011,AZ,Arizona,04,OK
USW00053961,32.8833,-92.1164,Union,22111,LA,Louisiana,22,OK
USC00388922,32.885,-80.6761,Colleton,45029,SC,South Carolina,45,OK
USC00021306,32.8875,-111.7147,Pinal,04021,AZ,Arizona,04,OK
USC00291286,32.8964,-107.3078,Sierra,35051,NM,New Mexico,35,OK
USW00003927,32.8978,-97.0189,Dallas,48113,TX,Texas,48,OK
IRM00040809,32.898,59.266,,,,,,OK
USW00013880,32.8986,-80.0403,Charleston,45019,SC,South Carolina,45,OK
USC00014502,32.9069,-85.4336,Chambers,01017,AL,Alabama,01,OK
USR0000CSQU,32.9083,-114.4944,Imperial,06025,CA,California,06,OK
USC00292865,32.9161,-105.3381,Chaves,35005,NM,New Mexico,35,OK
JA000047897,32.917,132.7,,,,,,OK
USS0008T01S,32.92,-108.15,Grant,35017,NM,New Mexico,35,OK
USC00294009,32.9203,-107.5656,Sierra,35051,NM,New Mexico,35,OK
USC00412225,32.9203,-94.7225,Morris,48343,TX,Texas,48,OK
USC00018209,32.9206,-86.6708,Chilton,01021,AL,Alabama,01,OK
USC00413265,32.9264,-99.2342,Shackelford,48417,TX,Texas,48,OK
PKM00041598,32.933,73.717,,,,,,OK
USR0000AHOR,32.9375,-110.4961,Pinal,04021,AZ,Arizona,04,OK
USC00023393,32.9381,-112.6811,Maricopa,04013,AZ,Arizona,04,OK
USC00418583,32.9403,-99.8036,Jones,48253,TX,Texas,48,OK
USC00010160,32.9453,-85.9481,Tallapoosa,01123,AL,Alabama,01,OK
CHM00058221,32.95,117.367,,,,,,OK
USC00413691,32.9506,-97.0553,Tarrant,48439,TX,Texas,48,OK
USC00295960,32.9539,-105.8225,Otero,35035,NM,New Mexico,35,OK
USC00291931,32.9544,-105.7353,Otero,35035,NM,New Mexico,35,OK
USR0000AOKM,32.9572,-87.1706,Bibb,01007,AL,Alabama,01,OK
USC00412408,32.9619,-102.8219,Yoakum,48501,TX,Texas,48,OK
USC00098657,32.9642,-84.2303,Upson,13293,GA,Georgia,13,OK
IS000004640,32.9667,35.5,,,,,,OK
USW00053909,32.9733,-97.3181,Tarrant,48439,TX,Texas,48,OK
USR0000CCAA,32.9736,-115.1736,Imperial,06025,CA,California,06,OK
USC00097777,32.9744,-82.8045,Washington,13303,GA,Georgia,13,OK
USR0000GLOU,32.975,-82.3528,Jefferson,13163,GA,Georgia,13,OK
USC00042239,32.9897,-116.5872,San Diego,06073,CA,California,06,OK
USR0000CFIS,32.9903,-116.0669,Imperial,06025,CA,California,06,OK
USC00021314,32.9947,-111.5367,Pinal,04021,AZ,Arizona,04,OK
USC00417588,32.9964,-96.7428,Collin,48085,TX,Texas,48,OK
USR0000TLND,33.0,-94.8,Morris,48343,TX,Texas,48,OK
CHM00056029,33.0,96.967,,,,,,OK
CHM00057290,33.0,114.017,,,,,,OK
USC00023150,33.0094,-109.9855,Graham,04009,AZ,Arizona,04,OK
USR0000GBRE,33.0097,-83.7397,Monroe,13207,GA,Georgia,13,OK
USS0007S03S,33.01,-107.87,Grant,35017,NM,New Mexico,35,OK
USC00095314,33.0125,-82.3914,Jefferson,13163,GA,Georgia,13,OK
USR0000CPHI,33.0164,-116.6339,San Diego,06073,CA,California,06,OK
USC00047248,33.0217,-117.0814,San Diego,06073,CA,California,06,OK
USR0000TGRE,33.0353,-96.1639,Hunt,48231,TX,Texas,48,OK
USC00388426,33.0367,-80.2325,Dorchester,45035,SC,South Carolina,45,OK
USW00053120,33.0375,-116.9158,San Diego,06073,CA,California,06,OK
USC00414967,33.0642,-101.0489,Garza,48169,TX,Texas,48,OK
CHM00057127,33.067,107.033,,,,,,OK
AGM00060555,33.068,6.089,,,,,,OK
USC00099194,33.0714,-82.0072,Burke,13033,GA,Georgia,13,OK
POM00008524,33.073,-16.35,,,,,,OK
USR0000CGOO,33.0736,-116.8458,San Diego,06073,CA,California,06,OK
USR0000CJUL,33.0758,-116.5908,San Diego,06073,CA,California,06,OK
USC00044412,33.0764,-116.5925,San Diego,06073,CA,California,06,OK
USC00026194,33.0772,-113.0317,Maricopa,04013,AZ,Arizona,04,OK
USR0000ABLA,33.0867,-109.9506,Graham,04009,AZ,Arizona,04,OK
JA000047678,33.117,139.783,,,,,,OK
USC00042863,33.1211,-117.09,San Diego,06073,CA,California,06,OK
USC00410408,33.1244,-94.1661,Cass,48067,TX,Texas,48,OK
USC00010178,33.1272,-88.155,Pickens,01107,AL,Alabama,01,OK
USW00003177,33.1281,-117.2794,San Diego,06073,CA,California,06,OK
USC00292848,33.1461,-107.1842,Sierra,35051,NM,New Mexico,35,OK
USC00418743,33.1481,-95.6269,Hopkins,48223,TX,Texas,48,OK
USC00410394,33.1525,-100.2333,Stonewall,48433,TX,Texas,48,OK
USW00003728,33.1533,-79.3636,Charleston,45019,SC,South Carolina,45,OK
USC00046386,33.1553,-116.1689,San Diego,06073,CA,California,06,OK
USC00017025,33.1581,-85.2911,Randolph,01111,AL,Alabama,01,OK
USR0000SWIT,33.1597,-79.8306,Berkeley,45015,SC,South Carolina,45,OK
USC00413992,33.1644,-99.7389,Haskell,48207,TX,Texas,48,OK
USC00413734,33.1678,-96.0983,Hunt,48231,TX,Texas,48,OK
USC00416108,33.1689,-95.0056,Titus,48449,TX,Texas,48,OK
USC00418818,33.1714,-101.7981,Lynn,48305,TX,Texas,48,OK
USR0000TLBJ,33.1728,-97.3756,Denton,48121,TX,Texas,48,OK
USW00053864,33.1783,-86.7817,Shelby,01117,AL,Alabama,01,OK
USW00053914,33.1803,-96.5903,Collin,48085,TX,Texas,48,OK
USC00027480,33.1819,-110.5261,Gila,04007,AZ,Arizona,04,OK
USC00417074,33.1869,-102.8281,Yoakum,48501,TX,Texas,48,OK
USC00411128,33.1908,-102.2681,Terry,48445,TX,Texas,48,OK
USC00416119,33.1964,-95.2236,Franklin,48159,TX,Texas,48,OK
USC00293530,33.1975,-108.2075,Grant,35017,NM,New Mexico,35,OK
USC00417206,33.1986,-101.3744,Garza,48169,TX,Texas,48,OK
USC00412404,33.1992,-97.105,Denton,48121,TX,Texas,48,OK
USC00017999,33.2053,-86.2114,Talladega,01121,AL,Alabama,01,OK
USW00003991,33.2061,-97.1989,Denton,48121,TX,Texas,48,OK
USC00414517,33.2064,-98.1689,Jack,48237,TX,Texas,48,OK
USC00411063,33.2064,-97.7761,Wise,48497,TX,Texas,48,OK
USR0000GOCO,33.2083,-83.7136,Jasper,13159,GA,Georgia,13,OK
USC00046377,33.2097,-117.395,San Diego,06073,CA,California,06,OK
USR0000SSV2,33.2106,-81.5906,Barnwell,45011,SC,South Carolina,45,OK
USC00018380,33.2119,-87.6161,Tuscaloosa,01125,AL,Alabama,01,OK
USW00093806,33.2119,-87.6161,Tuscaloosa,01125,AL,Alabama,01,OK
USW00073801,33.2125,-87.5914,Tuscaloosa,01125,AL,Alabama,01,OK
USW00053121,33.2194,-117.3494,San Diego,06073,CA,California,06,OK
USW00093992,33.2208,-92.8142,Union,05139,AR,Arkansas,05,OK
USC00049226,33.2217,-117.0381,San Diego,06073,CA,California,06,OK
USR0000CRCH,33.2222,-116.4975,San Diego,06073,CA,California,06,OK
JA000047815,33.233,131.617,,,,,,OK
JA000047892,33.233,132.55,,,,,,OK
USC00412334,33.2331,-97.6225,Wise,48497,TX,Texas,48,OK
USC00049378,33.2353,-117.2322,San Diego,06073,CA,California,06,OK
USW00093045,33.2367,-107.2681,Sierra,35051,NM,New Mexico,35,OK
USR0000CVAL,33.2372,-117.0086,San Diego,06073,CA,California,06,OK
USC00043914,33.2372,-116.7614,San Diego,06073,CA,California,06,OK
USC00385946,33.2425,-79.9869,Berkeley,45015,SC,South Carolina,45,OK
JA000047899,33.25,134.183,,,,,,OK
USC00414570,33.2542,-100.5731,Kent,48263,TX,Texas,48,OK
USC00380490,33.2547,-81.2361,Barnwell,45011,SC,South Carolina,45,OK
USC00040983,33.2558,-116.4036,San Diego,06073,CA,California,06,OK
USC00034548,33.2586,-93.1822,Columbia,05027,AR,Arkansas,05,OK
USR0000ATRA,33.2667,-109.3683,Greenlee,04011,AZ,Arizona,04,OK
AGM00060557,33.267,-0.3,,,,,,OK
JA000047813,33.267,130.3,,,,,,OK
USC00013781,33.2725,-86.8336,Shelby,01117,AL,Alabama,01,OK
USC00020975,33.28,-111.1583,Pinal,04021,AZ,Arizona,04,OK
USC00384449,33.2844,-79.6964,Berkeley,45015,SC,South Carolina,45,OK
USC00011620,33.285,-86.3431,Talladega,01121,AL,Alabama,01,OK
USC00380448,33.2911,-81.0328,Bamberg,45009,SC,South Carolina,45,OK
USC00419916,33.3039,-94.1583,Cass,48067,TX,Texas,48,OK
USC00031140,33.3064,-92.4833,Union,05139,AR,Arkansas,05,OK
USW00023009,33.3075,-104.5083,Chaves,35005,NM,New Mexico,35,OK
USC00419016,33.3144,-99.2006,Throckmorton,48447,TX,Texas,48,OK
USC00383470,33.3169,-79.3228,Georgetown,45043,SC,South Carolina,45,OK
JA000047814,33.317,130.933,,,,,,OK
USC00384205,33.3172,-80.4183,Orangeburg,45075,SC,South Carolina,45,OK
USC00411968,33.3192,-95.6039,Hopkins,48223,TX,Texas,48,OK
USC00293577,33.3217,-108.8794,Catron,35003,NM,New Mexico,35,OK
USC00095988,33.3328,-83.6975,Jasper,13159,GA,Georgia,13,OK
USC00291445,33.3433,-103.6783,Lea,35025,NM,New Mexico,35,OK
USR0000AGLO,33.3503,-110.6519,Gila,04007,AZ,Arizona,04,OK
USW00063826,33.355,-81.3278,Barnwell,45011,SC,South Carolina,45,OK
USR0000ADRL,33.3597,-109.8331,Graham,04009,AZ,Arizona,04,OK
USS0007S04S,33.36,-107.83,Sierra,35051,NM,New Mexico,35,OK
USC00034185,33.3614,-93.5675,Lafayette,05073,AR,Arkansas,05,OK
USR0000SSV1,33.3622,-81.6836,Aiken,45003,SC,South Carolina,45,OK
USW00053819,33.3633,-84.5658,Fayette,13113,GA,Georgia,13,OK
USW00003820,33.3644,-81.9633,Richmond,13245,GA,Georgia,13,OK
USR0000GNEW,33.3653,-84.8594,Coweta,13077,GA,Georgia,13,OK
MO000060156,33.367,-7.583,,,,,,OK
JA000047805,33.367,129.55,,,,,,OK
USC00297649,33.3678,-105.6611,Lincoln,35027,NM,New Mexico,35,OK
USS0008S08S,33.37,-108.71,Catron,35003,NM,New Mexico,35,OK
USR0000ASCA,33.3717,-110.4569,Gila,04007,AZ,Arizona,04,OK
USR0000TTEX,33.3739,-94.0456,Bowie,48037,TX,Texas,48,OK
USC00046657,33.3781,-116.84,San Diego,06073,CA,California,06,OK
USC00297605,33.38,-104.5419,Chaves,35005,NM,New Mexico,35,OK
USC00410206,33.3867,-97.7164,Wise,48497,TX,Texas,48,OK
USR0000COKG,33.3933,-116.795,San Diego,06073,CA,California,06,OK
USC00023501,33.3947,-110.7933,Gila,04007,AZ,Arizona,04,OK
USC00010764,33.3953,-87.0078,Jefferson,01073,AL,Alabama,01,OK
USC00096335,33.3997,-84.915,Coweta,13077,GA,Georgia,13,OK
USS0005R01S,33.4,-105.79,Lincoln,35027,NM,New Mexico,35,OK
CHM00056096,33.4,104.917,,,,,,OK
USW00023191,33.405,-118.4158,Los Angeles,06037,CA,California,06,OK
SYM00040080,33.412,36.516,,,,,,OK
USR0000TMIL,33.4136,-99.4006,Baylor,48023,TX,Texas,48,OK
USC00018024,33.4164,-86.135,Talladega,01121,AL,Alabama,01,OK
USC00022782,33.4192,-111.6444,Maricopa,04013,AZ,Arizona,04,OK
USC00028499,33.4258,-111.9217,Maricopa,04013,AZ,Arizona,04,OK
USW00023183,33.4278,-112.0039,Maricopa,04013,AZ,Arizona,04,OK
USC00418942,33.4367,-94.0772,Bowie,48037,TX,Texas,48,OK
USW00053151,33.4392,-117.1903,Riverside,06065,CA,California,06,OK
USC00380184,33.4408,-79.5672,Georgetown,45043,SC,South Carolina,45,OK
USR0000ATAL,33.4411,-86.0811,Talladega,01121,AL,Alabama,01,OK
USR0000CCAS,33.445,-117.4181,San Diego,06073,CA,California,06,OK
USC00021027,33.4478,-112.5653,Maricopa,04013,AZ,Arizona,04,OK
JA000047778,33.45,135.75,,,,,,OK
USC00098677,33.4506,-82.4822,McDuffie,13189,GA,Georgia,13,OK
USC00010505,33.4528,-87.3572,Tuscaloosa,01125,AL,Alabama,01,OK
USW00013977,33.4536,-94.0075,Miller,05091,AR,Arkansas,05,OK
USC00419711,33.4561,-101.0925,Crosby,48107,TX,Texas,48,OK
USC00290992,33.4594,-104.4042,Chaves,35005,NM,New Mexico,35,OK
USW00053854,33.4617,-80.8581,Orangeburg,45075,SC,South Carolina,45,OK
USC00020288,33.4625,-111.4814,Pinal,04021,AZ,Arizona,04,OK
USW00013837,33.4669,-82.0386,Richmond,13245,GA,Georgia,13,OK
USC00020808,33.4783,-109.7517,Graham,04009,AZ,Arizona,04,OK
USC00418566,33.4792,-100.8761,Dickens,48125,TX,Texas,48,OK
USW00013939,33.4825,-90.9853,Washington,28151,MS,Mississippi,28,OK
USR0000CSBB,33.4833,-119.0333,Santa Barbara,06083,CA,California,06,OK
USC00386527,33.4889,-80.8742,Orangeburg,45075,SC,South Carolina,45,OK
USW00013978,33.4964,-90.0867,Carroll,28015,MS,Mississippi,28,OK
USC00024977,33.4992,-112.3631,Maricopa,04013,AZ,Arizona,04,OK
AGM00060559,33.511,6.777,,,,,,OK
USC00381093,33.5214,-79.0975,Georgetown,45043,SC,South Carolina,45,OK
USC00415409,33.5281,-101.8761,Lubbock,48303,TX,Texas,48,OK
USR0000CSRO,33.5286,-117.2306,Riverside,06065,CA,California,06,OK
USC00094700,33.5311,-84.3544,Clayton,13063,GA,Georgia,13,OK
AGM00060549,33.536,-0.242,,,,,,OK
USR0000ASTH,33.5406,-109.3169,Greenlee,04011,AZ,Arizona,04,OK
USR0000CBCN,33.5417,-117.5917,Orange,06059,CA,California,06,OK
USC00415183,33.55,-102.3758,Hockley,48219,TX,Texas,48,OK
USC00380072,33.55,-81.6969,Aiken,45003,SC,South Carolina,45,OK
USC00410984,33.5511,-97.8472,Montague,48337,TX,Texas,48,OK
USC00025700,33.5544,-111.4425,Maricopa,04013,AZ,Arizona,04,OK
USR0000CANZ,33.555,-116.673,Riverside,06065,CA,California,06,OK
MOM00060155,33.557,-7.66,,,,,,OK
USC00090311,33.5572,-82.3369,Columbia,13073,GA,Georgia,13,OK
